1958,1,2.92,2.75
1958,2,3.09,2.91
1958,3,3.26,3.94
1958,4,3.1,4.16
1958,5,3.45,3.35
1958,6,3.71,2.39
1958,7,3.89,1.33
1958,8,2.31,1
1958,9,2.18,1.46
1958,10,1.75,2.68
1958,11,1.29,3.26
1958,12,2.02,2.77
1959,1,3.89,2.51
1959,2,4.46,3
1959,3,3.52,3.85
1959,4,3.17,3.95
1959,5,4.02,3.38
1959,6,3.64,2.53
1959,7,3.76,1.64
1959,8,2.74,0.9
1959,9,2.06,1.33
1959,10,2.43,2.59
1959,11,2.33,2.96
1959,12,3.19,2.39
1960,1,2.82,2.39
1960,2,2.93,3.07
1960,3,2.23,3.76
1960,4,3.26,3.91
1960,5,3.28,3.2
1960,6,3.4,2.48
1960,7,2.91,1.35
1960,8,3.25,1.08
1960,9,2.67,1.46
1960,10,2.24,2.63
1960,11,2.33,2.78
1960,12,2.36,2.67
1961,1,2.56,2.4
1961,2,4.39,2.51
1961,3,3.71,3.23
1961,4,3.14,3.81
1961,5,3.64,3.34
1961,6,3.94,2.44
1961,7,2.62,1.37
1961,8,3.21,0.93
1961,9,1.53,1.43
1961,10,2.22,2.59
1961,11,2.11,2.74
1961,12,2.51,2.09
1962,1,3,2.29
1962,2,2.83,2.95
1962,3,2.53,3.84
1962,4,3.09,3.82
1962,5,3.21,3.24
1962,6,3.76,2.31
1962,7,3.38,1.52
1962,8,2.39,0.99
1962,9,1.63,1.5
1962,10,1.65,2.69
1962,11,1.57,3.13
1962,12,2.62,2.55
1963,1,2.3,2.73
1963,2,2.17,3.66
1963,3,3.87,3.4
1963,4,2.67,3.86
1963,5,3.92,3.16
1963,6,3.53,2.52
1963,7,3.11,1.54
1963,8,2.27,1.18
1963,9,2.19,1.58
1963,10,2.31,2.44
1963,11,2.91,2.58
1963,12,2.61,2.62
1964,1,2.98,2.48
1964,2,3.38,2.87
1964,3,2.29,3.92
1964,4,2.65,4.17
1964,5,3.11,3.29
1964,6,2.8,2.38
1964,7,3.2,1.48
1964,8,2.71,0.93
1964,9,2.07,1.39
1964,10,2.34,2.68
1964,11,2.98,2.7
1964,12,3.32,2.56
1965,1,2.99,2.79
1965,2,2.45,3.33
1965,3,3.58,3.43
1965,4,3.25,3.68
1965,5,3.15,3.46
1965,6,3.35,2.3
1965,7,2.74,1.55
1965,8,2.16,1.07
1965,9,2.05,1.47
1965,10,2.18,2.68
1965,11,2.96,2.58
1965,12,2.96,2.25
1966,1,2.9,2.57
1966,2,3.62,2.8
1966,3,2.85,3.73
1966,4,2.8,3.78
1966,5,3.58,3.2
1966,6,2.52,2.35
1966,7,3.5,1.77
1966,8,2.78,1.14
1966,9,2.18,1.33
1966,10,2.54,2.54
1966,11,2.6,2.87
1966,12,3.74,2.38
1967,1,3.97,2.17
1967,2,3.41,3.06
1967,3,3.98,3.39
1967,4,2.87,4.15
1967,5,3.11,3.47
1967,6,3.26,2.5
1967,7,3.32,1.53
1967,8,3.37,1.02
1967,9,1.6,1.34
1967,10,1.91,2.52
1967,11,2.61,2.67
1967,12,1.87,2.68
1968,1,2.53,2.33
1968,2,2.64,3.09
1968,3,2.44,3.78
1968,4,2.43,3.56
1968,5,3.01,3.09
1968,6,2.55,2.21
1968,7,2.34,1.45
1968,8,1.82,1.23
1968,9,2.19,1.61
1968,10,2.63,2.63
1968,11,2.61,2.85
1968,12,2.33,2.75
1969,1,3.07,2.4
1969,2,2.93,3.42
1969,3,2.63,4.23
1969,4,3.21,4.05
1969,5,3.19,3.35
1969,6,3.34,2.46
1969,7,2.91,1.57
1969,8,1.93,1.11
1969,9,1.87,1.51
1969,10,2.07,2.55
1969,11,2.22,2.81
1969,12,1.73,2.85
1970,1,2.33,2.72
1970,2,2.89,2.97
1970,3,2.9,3.66
1970,4,2.85,3.85
1970,5,3.11,3.36
1970,6,2.26,2.69
1970,7,3.01,1.58
1970,8,2.45,1.09
1970,9,2.21,1.41
1970,10,2.53,2.55
1970,11,3.09,2.64
1970,12,3.44,2.26
1971,1,3.11,2.26
1971,2,2.72,3.14
1971,3,2.51,4.22
1971,4,3.21,3.93
1971,5,3.26,3.41
1971,6,2.73,2.61
1971,7,3.08,1.53
1971,8,2.31,1
1971,9,1.62,1.42
1971,10,2.26,2.45
1971,11,2.62,2.77
1971,12,3.45,2.33
1972,1,2.58,2.46
1972,2,2.84,3.13
1972,3,3.12,3.86
1972,4,2.65,3.86
1972,5,3.37,3.17
1972,6,3.56,2.27
1972,7,2.74,1.75
1972,8,2.48,1.31
1972,9,2.13,1.69
1972,10,2.6,2.59
1972,11,3.02,2.64
1972,12,3.47,2.36
1973,1,2.53,2.6
1973,2,2.4,3.29
1973,3,3.1,3.69
1973,4,2.49,4.11
1973,5,2.7,3.43
1973,6,2.75,2.72
1973,7,3.1,1.72
1973,8,1.86,1.17
1973,9,2.11,1.65
1973,10,2.3,2.72
1973,11,2.97,2.6
1973,12,3.05,2.6
1974,1,2.53,2.13
1974,2,2.4,2.96
1974,3,3.1,3.73
1974,4,2.49,4.27
1974,5,2.7,3.28
1974,6,2.75,2.65
1974,7,3.1,1.43
1974,8,1.86,1.08
1974,9,2.11,1.42
1974,10,2.3,2.59
1974,11,2.78,2.66
1974,12,2.02,2.03
1975,1,3.27,2
1975,2,2.88,2.85
1975,3,3.13,3.69
1975,4,2.45,4.1
1975,5,2.8,3.3
1975,6,2.77,2.53
1975,7,2.64,1.45
1975,8,2.1,1.09
1975,9,1.87,1.31
1975,10,2.16,2.53
1975,11,2.93,2.84
1975,12,2.9,2.3
1976,1,2.88,2.36
1976,2,2.33,3.2
1976,3,2.11,3.53
1976,4,2.61,3.9
1976,5,3.62,3.22
1976,6,3.66,2.32
1976,7,2.5,1.53
1976,8,2.98,1.19
1976,9,1.86,1.41
1976,10,2.55,2.38
1976,11,2.35,2.81
1976,12,3.26,2.52
1977,1,2.77,2.43
1977,2,3.78,2.82
1977,3,2.62,3.28
1977,4,3.01,3.81
1977,5,3.8,3.41
1977,6,2.58,2.52
1977,7,2.82,1.53
1977,8,2.32,1.02
1977,9,1.64,1.48
1977,10,1.62,2.44
1977,11,1.84,2.61
1977,12,2.22,2.11
1978,1,2.82,2.32
1978,2,3.43,3.09
1978,3,4.58,3.73
1978,4,3.44,3.86
1978,5,3.25,3.31
1978,6,3.72,2.24
1978,7,3.83,1.22
1978,8,2.84,1.17
1978,9,2.29,1.43
1978,10,3.2,2.54
1978,11,3.34,2.61
1978,12,3.64,2.4
1979,1,2.58,2.56
1979,2,1.88,3.17
1979,3,2.48,3.8
1979,4,2.64,3.85
1979,5,3.14,3.25
1979,6,2.49,2.26
1979,7,2.35,1.43
1979,8,2.47,1.08
1979,9,1.77,1.55
1979,10,1.57,2.69
1979,11,1.73,3
1979,12,2.54,2.15
1980,1,2.37,2.59
1980,2,2.55,2.99
1980,3,2.41,3.73
1980,4,2.16,4.1
1980,5,3.28,3.32
1980,6,2.4,2.26
1980,7,2.76,1.4
1980,8,1.99,1.07
1980,9,1.5,1.64
1980,10,1.58,2.67
1980,11,2.06,2.79
1980,12,2.37,2.11
1981,1,2.36,2.11
1981,2,2.47,3
1981,3,2,3.69
1981,4,2.86,4.04
1981,5,2.8,3.27
1981,6,2.72,2.39
1981,7,3.29,1.37
1981,8,2.23,1.15
1981,9,1.94,1.53
1981,10,1.86,2.63
1981,11,2.78,2.54
1981,12,2.18,2.44
1982,1,2.27,2.43
1982,2,2.56,2.72
1982,3,2.83,3.55
1982,4,2.7,4.14
1982,5,2.85,3.37
1982,6,2.55,2.52
1982,7,2.32,1.65
1982,8,2.41,1.05
1982,9,1.65,1.65
1982,10,1.32,2.68
1982,11,2.18,2.52
1982,12,2.31,2.4
1983,1,4.13,1.84
1983,2,2.85,3.09
1983,3,3.1,3.18
1983,4,3.26,4.14
1983,5,2.97,3.7
1983,6,2.71,2.51
1983,7,2.86,1.59
1983,8,2.68,1.19
1983,9,1.94,1.57
1983,10,2.89,2.56
1983,11,1.84,2.89
1983,12,2.15,2.49
1984,1,2.66,2.23
1984,2,2.54,2.9
1984,3,2.17,3.91
1984,4,2.56,4.09
1984,5,2.72,3.44
1984,6,2.19,2.52
1984,7,2,1.56
1984,8,2.08,1.51
1984,9,1.91,1.6
1984,10,2.19,2.63
1984,11,2.41,2.87
1984,12,2.43,2.1
1985,1,2.36,2.64
1985,2,3.08,2.69
1985,3,2.38,3.78
1985,4,3.05,3.5
1985,5,3.09,3.44
1985,6,2.84,2.44
1985,7,2.51,1.43
1985,8,1.82,1.16
1985,9,1.63,1.45
1985,10,2.68,2.56
1985,11,1.81,2.85
1985,12,2.57,2.19
1986,1,2.27,2.35
1986,2,2.26,3.3
1986,3,2.09,3.86
1986,4,2.68,4.39
1986,5,2.66,3.51
1986,6,3.06,2.63
1986,7,2.84,1.42
1986,8,1.8,1.16
1986,9,2.06,1.41
1986,10,1.94,2.64
1986,11,2.09,2.84
1986,12,2.85,2.08
1987,1,2.47,2.45
1987,2,2.15,3.11
1987,3,2.18,3.74
1987,4,3.86,3.7
1987,5,3.64,3.74
1987,6,2.46,2.59
1987,7,2.36,1.84
1987,8,1.94,1.16
1987,9,1.58,1.6
1987,10,2.21,2.62
1987,11,2.07,2.87
1987,12,2.55,2.37
1988,1,2.8,2.27
1988,2,2.62,2.93
1988,3,2.86,3.74
1988,4,2.53,4.13
1988,5,3.27,3.54
1988,6,2.71,2.45
1988,7,2.97,1.37
1988,8,2.32,0.89
1988,9,1.78,1.32
1988,10,2.39,2.45
1988,11,2.04,2.83
1988,12,2.29,2.14
1989,1,3.68,2.01
1989,2,3.51,2.55
1989,3,2.81,3.43
1989,4,2.41,4
1989,5,2.82,3.25
1989,6,2.18,2.52
1989,7,1.99,1.48
1989,8,1.83,1.04
1989,9,1.7,1.48
1989,10,2.25,2.41
1989,11,2.48,2.76
1989,12,2.41,2.23
1990,1,2.78,2.56
1990,2,2.95,2.66
1990,3,3.77,3.31
1990,4,2.47,4.28
1990,5,3.06,3.4
1990,6,2.85,2.62
1990,7,1.88,1.44
1990,8,1.4,1.19
1990,9,1.84,1.64
1990,10,1.81,2.71
1990,11,1.72,2.91
1990,12,2.01,2.69
1991,1,2.74,2.4
1991,2,1.92,3.46
1991,3,2.2,3.7
1991,4,2.47,4.1
1991,5,2.69,2.98
1991,6,2.88,2.52
1991,7,2.32,1.41
1991,8,1.83,1.04
1991,9,1.35,1.85
1991,10,1.25,2.64
1991,11,2.34,2.78
1991,12,2.51,2.19
1992,1,3.02,2.23
1992,2,3.46,2.74
1992,3,2.18,3.78
1992,4,2.87,4
1992,5,2.81,3.13
1992,6,2.86,2.53
1992,7,2.28,1.42
1992,8,2.3,1.08
1992,9,1.68,1.57
1992,10,1.56,2.68
1992,11,2.52,2.58
1992,12,2.22,2.35
1993,1,3.18,2.12
1993,2,2.51,2.97
1993,3,2.54,3.75
1993,4,2.47,4.06
1993,5,3.25,3.49
1993,6,2.4,2.71
1993,7,2.25,1.71
1993,8,1.94,1.14
1993,9,1.45,1.65
1993,10,1.99,2.78
1993,11,2.15,3.06
1993,12,2.56,2.35
1994,1,2.59,2.41
1994,2,2.69,2.88
1994,3,3,4.01
1994,4,2.29,4.06
1994,5,2.83,3.46
1994,6,2.84,2.56
1994,7,2.81,1.44
1994,8,2.43,0.93
1994,9,1.59,1.37
1994,10,0.99,2.52
1994,11,2.26,2.66
1994,12,2.88,2.24
1995,1,2.41,2.23
1995,2,2.41,2.74
1995,3,2.55,3.93
1995,4,2.52,3.99
1995,5,2.7,3.47
1995,6,2.8,2.69
1995,7,2.86,1.68
1995,8,2.16,1.17
1995,9,1.82,1.59
1995,10,1.63,2.69
1995,11,2.03,2.72
1995,12,2.57,2.46
1996,1,2.1,2.83
1996,2,2.09,3.31
1996,3,2.34,3.96
1996,4,2.53,4.02
1996,5,2.7,3.49
1996,6,2.61,2.37
1996,7,2.93,1.76
1996,8,2.41,1.18
1996,9,2.06,1.51
1996,10,1.61,2.62
1996,11,2.21,2.54
1996,12,2.2,2.58
1997,1,2.34,2.64
1997,2,3.13,2.56
1997,3,2.48,3.5
1997,4,2.74,3.87
1997,5,2.62,3.22
1997,6,2.4,2.44
1997,7,2.8,1.6
1997,8,2.41,1.21
1997,9,1.4,1.75
1997,10,1.35,2.9
1997,11,1.92,3.15
1997,12,2.2,2.42
1998,1,2.81,2.44
1998,2,2.71,3.2
1998,3,2.86,3.22
1998,4,2.29,4.42
1998,5,2.99,3.75
1998,6,2.36,2.59
1998,7,2.68,1.53
1998,8,2.37,1.09
1998,9,1.71,1.39
1998,10,1.83,2.68
1998,11,2.15,3.06
1998,12,2.39,2.39
1999,1,2.39,2.62
1999,2,1.95,3.32
1999,3,2.32,4.28
1999,4,2.58,4.14
1999,5,2.68,3.44
1999,6,2.3,2.82
1999,7,2.39,1.53
1999,8,2.31,0.99
1999,9,1.74,1.47
1999,10,1.83,2.51
1999,11,2.28,2.95
1999,12,2.53,2.35
2000,1,2.81,2.68
2000,2,2.99,2.54
2000,3,3.07,3.47
2000,4,2.43,4.37
2000,5,2.97,3.62
2000,6,2.56,2.53
2000,7,2.58,1.51
2000,8,2.25,1.21
2000,9,1.86,1.58
2000,10,1.74,2.7
2000,11,2.32,2.93
2000,12,2.46,2.29
2001,1,2.64,2.4
2001,2,2.64,2.75
2001,3,2.54,3.84
2001,4,2.75,4.1
2001,5,3.12,3.47
2001,6,2.63,2.43
2001,7,2.63,1.55
2001,8,2.37,1.14
2001,9,1.73,1.53
2001,10,2.21,2.56
2001,11,2.22,2.91
2001,12,2.47,2.6
2002,1,3.16,2.14
2002,2,2.45,2.92
2002,3,2.6,3.92
2002,4,2.47,4.33
2002,5,2.79,3.82
2002,6,2.56,2.62
2002,7,2.2,1.74
2002,8,2.24,1.25
2002,9,1.82,1.59
2002,10,1.64,2.41
2002,11,2,2.86
2002,12,2.65,2.47
2003,1,2.33,2.65
2003,2,2.26,3.38
2003,3,2.9,3.52
2003,4,2.5,4.21
2003,5,2.78,3.52
2003,6,2.48,2.39
2003,7,2.43,1.61
2003,8,2.32,1.1
2003,9,1.78,1.55
2003,10,1.44,2.84
2003,11,2.15,3.04
2003,12,2.36,2.39
2004,1,2.3,2.57
2004,2,2.9,2.93
2004,3,3.14,3.42
2004,4,2.3,4.28
2004,5,3.17,3.4
2004,6,2.45,2.48
2004,7,1.94,1.57
2004,8,2.24,1.21
2004,9,1.74,1.78
2004,10,1.96,2.83
2004,11,2.18,3.03
2004,12,2.15,2.62
2005,1,2.88,2.23
2005,2,2.46,3.69
2005,3,2.66,4.17
2005,4,2.56,4.22
2005,5,2.83,3.36
2005,6,2.3,2.36
2005,7,2.01,1.55
2005,8,2.11,1.18
2005,9,1.65,1.63
2005,10,1.74,2.63
2005,11,2.25,2.88
2005,12,2.2,2.61
2006,1,2.27,2.79
2006,2,1.81,3.55
2006,3,2.62,3.87
2006,4,2.96,3.99
2006,5,2.75,3.4
2006,6,2.28,2.68
2006,7,2.29,1.84
2006,8,2.19,1.17
2006,9,1.73,1.46
2006,10,1.41,2.65
2006,11,2.39,2.55
2006,12,2.51,2.17
2007,1,3.1,2.21
2007,2,2.37,3.19
2007,3,2.65,3.76
2007,4,2.33,4.3
2007,5,2.56,3.46
2007,6,2.68,2.53
2007,7,2.75,1.6
2007,8,1.91,1.14
2007,9,1.86,1.55
2007,10,2.06,2.82
2007,11,2.34,3.06
2007,12,2.6,2.47
2008,1,2.68,2.04
2008,2,2.92,2.62
2008,3,2.25,3.98
2008,4,2.64,3.87
2008,5,2.99,3.38
2008,6,2.39,2.6
2008,7,2.71,1.53
2008,8,1.95,1.14
2008,9,1.66,1.61
2008,10,2.05,2.61
2008,11,2.24,2.94
2008,12,2.27,2.63
2009,1,2.06,2.73
2009,2,2.54,3.44
2009,3,3.02,3.8
2009,4,2.42,4.36
2009,5,2.58,3.38
2009,6,2.74,2.71
2009,7,2.28,1.77
2009,8,2.01,1.27
2009,9,1.65,1.64
2009,10,1.3,2.71
2009,11,2.06,2.81
2009,12,2.23,2.56
2010,1,2.28,2.76
2010,2,2.38,3.68
2010,3,2.81,3.85
2010,4,2.6,4.37
2010,5,2.82,3.64
2010,6,2.6,2.52
2010,7,2.48,1.48
2010,8,2.19,1.07
2010,9,1.84,1.46
2010,10,1.33,2.59
2010,11,2.18,3.16
2010,12,2.37,2.47
2011,1,2.66,2.39
2011,2,1.94,3.36
2011,3,2.99,4.09
2011,4,2.76,4.04
2011,5,2.81,3.56
2011,6,2.85,2.47
2011,7,2.46,1.72
2011,8,2.4,1.15
2011,9,1.65,1.6
2011,10,1.8,2.7
2011,11,2.33,2.89
2011,12,2.58,2.24
2012,1,2.46,2.42
2012,2,2.3,3.39
2012,3,3.16,3.51
2012,4,2.25,4.33
2012,5,2.76,3.29
2012,6,2.76,2.4
2012,7,2.02,1.43
2012,8,2.03,1.06
2012,9,1.55,1.49
2012,10,1.4,2.71
2012,11,1.8,3.09
2012,12,2.42,2.49
2013,1,2.26,2.58
2013,2,2.2,2.88
2013,3,2.19,4.57
2013,4,2.05,3.99
2013,5,2.76,3.52
2013,6,2.71,2.59
2013,7,2.42,1.66
2013,8,2.01,1
2013,9,1.7,1.53
2013,10,1.92,2.66
2013,11,1.77,3.09
2013,12,2.41,2.51
2014,1,2.35,2.68
2014,2,2.55,3.08
2014,3,2.24,3.96
2014,4,2.3,4.23
2014,5,2.66,3.3
2014,6,2.64,2.59
2014,7,2.63,1.69
2014,8,2.35,1.08
2014,9,1.6,1.53
2014,10,1.73,2.77
2014,11,2.2,3.04
2014,12,2.24,2.53
2015,1,2.84,2.42
2015,2,2.22,3.3
2015,3,2.72,3.73
2015,4,3.22,3.85
2015,5,2.81,3.75
2015,6,2.99,2.71
2015,7,2.73,1.7
2015,8,1.99,1.12
2015,9,1.68,1.31
2015,10,1.36,2.89
2015,11,2.29,2.79
2015,12,3.27,1.95
2016,1,2.97,2.28
2016,2,2.41,2.89
2016,3,1.79,4.31
2016,4,2.26,4.57
2016,5,2.96,3.97
2016,6,2.7,2.44
2016,7,2.33,1.42
2016,8,2.09,1.11
2016,9,1.68,1.56
2016,10,1.85,2.92
2016,11,2.21,3.25
2016,12,2.73,2.52
2017,1,2.21,2.57
2017,2,3.05,2.9
2017,3,2.63,3.63
2017,4,2.55,4.47
2017,5,3.04,3.59
2017,6,2.63,2.06
2017,7,2.62,1.45
2017,8,2.54,1.13
2017,9,2.11,1.58
2017,10,2.07,2.85
2017,11,2.26,2.89
2017,12,2.38,2.3
2018,1,3.5,1.97
2018,2,2.1,3.07
2018,3,2.4,4.04
2018,4,2.5,4.24
2018,5,3.2,3.21
2018,6,2.7,2.24
2018,7,2.6,2.2
2018,8,2.2,1.35
2018,9,1.4,1.96
2018,10,1.2,2.45
2018,11,2.3,2.71
2018,12,2.9,1.93
2019,1,1.5,2.37
2019,2,1.6,2.62
2019,3,2.6,4.01
2019,4,2.3,4.39
2019,5,3.8,3.07
2019,6,2.6,2.07
2019,7,2.3,1.46
2019,8,2.2,1.06
2019,9,1.1,1.82
2019,10,1.4,1.63
2019,11,1.3,2.99
2019,12,2.2,2.13
2020,1,3,2.28
2020,2,3,2.73
2020,3,2.4,3.88
2020,4,2.5,4.36
2020,5,2.9,3.69
2020,6,2.8,2.8
2020,7,2.3,1.51
2020,8,2.5,1.01
2020,9,1.7,1.38
2020,10,1.6,2.38
2020,11,2.2,2.6
2020,12,1.8,2.58
2021,1,2.5,2.5
2021,2,2.6,2.71
2021,3,2.4,3.59
2021,4,2.3,3.88
2021,5,2.6,3.48
2021,6,2.3,2.8
2021,7,2.7,1.5
2021,8,2,1.04
2021,9,1.7,1.42
2021,10,1.4,1.76
2021,11,1.6,2.36
2021,12,2.4,2.18
2022,1,2.7,2.13
2022,2,2.6,2.58
2022,3,2.4,3.66
2022,4,2.1,3.75
2022,5,2.8,3.76
2022,6,2.5,2.55
2022,7,2.7,1.57
2022,8,2.5,0.92
2022,9,1.5,1.2
2022,10,1.9,2.01
2022,11,2.1,2.08
2022,12,2.5,1.97
2023,1,2.3,2.16
2023,2,2.7,2.63
2023,3,2.1,3.33
2023,4,2.4,3.67
2023,5,2.9,3.49
2023,6,2.3,2.15
2023,7,2.2,1.85
2023,8,2.3,1.17
2023,9,1.8,1.58
2023,10,1.9,2.32
2023,11,2,2.56
