Row Labels,Sum of ALLSKY_KT5,Sum of ALLSKY_KT6,Sum of ALLSKY_KT7,Sum of ALLSKY_KT8,Sum of ALLSKY_KT4,Sum of ALLSKY_KT3,Sum of ALLSKY_KT2,Sum of ALLSKY_KT,Sum of ALLSKY_KT9,Sum of ALLSKY_KT10
JAN,0.67,0.59,0.67,0.61,0.7,0.63,0.7,-999,0.63,0.66
FEB,0.63,0.63,0.64,0.64,0.64,0.64,0.62,-999,0.6,0.63
MAR,0.63,0.6,0.62,0.63,0.6,0.64,0.69,-999,0.65,0.61
APR,0.65,0.6,0.66,0.6,0.64,0.64,0.65,-999,0.62,0.63
MAY,0.63,0.58,0.61,0.58,0.68,0.68,0.65,-999,0.62,0.59
JUN,0.6,0.58,0.58,0.6,0.58,0.63,0.63,-999,0.61,0.6
JUL,0.56,0.57,0.59,0.55,0.6,0.61,0.6,-999,0.54,0.56
AUG,0.56,0.55,0.55,0.55,0.58,0.6,0.57,-999,0.53,0.56
SEP,0.6,0.64,0.58,0.59,0.63,0.61,0.62,-999,0.59,0.61
OCT,0.66,0.64,0.64,0.67,0.67,0.61,0.63,-999,0.65,0.62
NOV,0.67,0.69,0.66,0.66,0.68,0.65,0.71,-999,0.68,0.64
DEC,0.68,0.7,0.66,0.66,0.68,0.69,0.7,-999,0.66,0.7
ANN,0.62,0.61,0.62,0.61,0.64,0.64,0.65,-999,0.61,0.61
YEAR,2004,2005,2006,2007,2003,2002,2001,2000,2008,2009
Grand Total,2012.16,2012.98,2014.08,2014.95,2011.32,2010.27,2009.42,-10987,2015.99,2017.02
