FEBRUARY,1955,1956,1957,1958,1959,1960,1961,1962,1963,1964,1965,1966,1967,1968,1969,1970,1971,1972,1973,1974,1975,1976,1977,1978,1979,1980,1981,1982,1983,1984,1985,1986,1987,1988,1989,1990,1991,1992,1993,1994,1995,1996,1997,1998,1999,2000,2001,2002,2003,2004,2005,2006,2007,2008,2009,2010,2011,2012,2013,2014,2015,2016,2017,2018,2019,2020,2021,2022,2023,2024,2025
1,7.849942738,7.775775988,-0.014224123,3.142859233,3.104109119,6.954942592,4.818692659,8.722026096,5.904942679,6.352025975,6.124942736,6.377859225,0.617442543,2.439525877,8.271609467,6.538692583,7.429109379,3.947442657,5.366609255,1.98535914,5.715775875,5.987442596,7.940775929,8.127026079,8.840776046,1.925775798,6.692025896,7.25660935,6.400359367,7.450359346,6.787442692,6.637026063,10.9666095,5.837442513,3.571609291,4.929525979,2.845775843,-0.42547413,-0.0858908,6.306192658,6.906192646,8.314942825,3.680775958,4.422025976,10.46702608,6.669526079,9.261192742,9.0082761,9.915776229,6.179525963,6.668276038,4.776192551,4.936609309,2.314526028,7.555359358,9.249942675,3.315359276,3.192442518,5.222442667,8.164109413,8.102026029,8.464109525,1.944109194,8.802442804,9.092026125,6.979526029,9.469942817,5.626609488,3.717442533,4.19827595,8.596192642
2,7.558692688,7.422859358,1.524942542,3.126192512,4.317025932,7.404526017,6.054109295,8.374942892,5.859525908,6.2807759,7.769109375,7.397026017,0.629109204,3.41535921,6.983276033,6.810776058,7.203276154,3.869942538,4.130359265,2.439109271,6.85660925,5.940776088,8.907442742,7.145359308,6.093692602,2.911609295,6.699109329,5.298275929,6.462025933,7.507442871,6.042025875,7.332025971,11.30077638,5.681609317,1.299109188,5.083692718,3.695359176,0.202442534,-0.957974134,5.162859258,7.455359346,5.408275879,4.919525942,6.506609308,9.517859408,6.838275988,7.924942613,8.554942663,9.704943008,6.669942742,4.949942521,7.292859371,5.550359304,3.591609357,7.540776008,7.9886927,2.608276005,3.168275881,7.254942689,7.057025954,8.819942771,10.70202618,3.640775991,8.645775863,8.297859371,7.354942654,11.15119285,8.514109433,5.289109321,5.782442604,8.718275992
3,7.845359321,7.485776054,1.873692554,3.060359313,4.861609317,2.795359159,9.119109438,8.252859313,7.485776029,5.592859263,7.8828593,7.374109267,2.484525838,5.304526027,6.174109271,7.819942717,6.275775992,3.190775861,6.192859335,4.06119265,6.045775908,6.072025908,9.777442796,7.977442771,5.434109288,4.367442635,6.645359283,1.097025854,6.529525963,7.104109404,7.889109471,8.890359308,8.846192775,6.328692613,1.88494265,5.006192653,1.677859173,-0.51339079,0.496609206,5.623275988,7.733692742,5.036192657,4.177025852,7.842859325,8.157026088,7.442859392,6.950775975,8.795775958,7.132025938,6.634525933,4.717025871,7.050359325,5.041609188,4.590776008,8.962859433,4.763275857,4.241192536,5.084526,9.171609421,4.79244259,8.989942833,10.03785928,5.28369267,8.920359479,8.747442658,7.648276104,12.03202631,7.516192642,5.409109288,6.204109242,8.0036927
4,7.4591094,8.534942679,4.076609296,4.794526008,5.812025904,1.78994255,8.670776096,5.430775879,10.14119276,3.202025883,5.327859183,6.517859292,2.560359187,5.177025958,5.382025938,9.058276038,5.547859325,0.9016092,7.511609346,4.948275987,5.806609288,6.159109404,10.35327608,9.110359546,7.0928593,4.670775813,5.864942546,0.419942577,5.557025888,8.204109333,8.147442792,6.925359229,8.137859383,6.892026046,3.863276029,4.423692666,1.207859197,0.417442522,2.042859249,6.125359292,7.093692713,5.420359291,-1.152974129,8.327859325,6.46244265,7.714942721,7.604526017,10.4507762,6.069109371,6.097025908,4.153692508,7.002442746,5.469109296,5.405359392,9.383692696,1.852442488,5.824525933,6.176609204,8.777026021,3.26577591,8.978692629,9.7261926,5.031609309,9.346192604,9.52994265,9.619526158,11.22285956,5.623275863,5.961609246,6.017442558,8.283276008
5,7.429525971,8.074526129,7.239525954,5.633692696,0.64744252,2.462859183,9.742859475,6.114525996,10.6286929,3.722025848,3.876192496,7.247025979,3.088692594,4.202442608,5.398275888,8.984942808,5.884109242,0.918275829,7.766192617,5.542442609,5.143692533,6.385359375,7.198692696,9.980359613,7.2274426,5.479109188,6.303692754,0.29410918,4.7853593,8.037859375,0.967025854,5.952025863,7.552859254,6.856192692,5.319942683,5.119109372,1.959525875,3.471192539,5.251192682,6.573275996,6.113275833,7.667859479,-0.410057499,9.744942808,3.914109167,6.343692621,8.006192696,11.6286929,7.445775942,6.557026008,4.924109188,6.932442696,4.837442517,4.5361926,10.91035945,0.434109201,6.7970261,6.726609342,10.88744293,3.554109384,8.258276113,10.7774428,7.685359275,10.99577597,10.98327611,11.14952631,12.41535953,6.192442667,6.318692692,8.029526021,5.524942608
6,7.70077615,6.442025975,7.218276129,5.069526051,1.682859371,3.618275883,7.713692592,5.428275858,12.33535956,4.255359261,5.055775921,5.829525858,5.574109283,5.4186926,7.947026121,8.238275933,5.682859283,0.229525838,7.757442733,5.894525963,4.079525983,7.683692625,6.412859383,7.430359433,7.952859408,6.272026,5.865775967,2.27452582,5.111192517,8.370359388,2.158692573,6.916192571,6.536192663,7.212442663,4.835776084,4.357025796,3.50077588,4.341609208,6.918692738,8.177859433,4.997859196,10.73869296,1.994525852,10.8736929,5.966609326,5.132442659,7.851609279,12.13994298,8.909942708,8.067026075,4.654942604,8.064942546,2.782859203,4.411609346,10.29077612,1.580775904,6.00702603,6.898692604,9.123276513,4.188692728,10.14202616,6.724109263,9.085359413,11.36244272,10.02827613,10.41494277,11.80744298,6.824526008,4.588275804,10.51160937,2.75119258
7,8.983275925,5.120359325,7.026609404,6.268692679,3.779526004,6.146192758,6.297859242,5.327442533,10.86035963,5.489525875,6.672442575,6.099942661,6.661192729,4.513275917,7.614942746,8.763692604,5.567442567,-0.046307453,6.927859433,6.877442692,4.329109367,7.559942746,6.473692692,7.981609446,7.692859275,6.1836926,5.07619255,1.807442529,5.431609188,7.728275942,5.0157759,6.061192729,6.499942592,6.366609233,5.037859335,5.4028592,3.706192557,2.618692515,7.915359338,8.048276013,4.783692504,9.777442792,3.336609245,8.720359321,8.746192883,4.737859414,7.912026113,11.17202607,9.25869275,10.74285964,2.76910918,8.241609329,4.67577599,5.648276101,10.7424429,3.763692628,6.063692725,7.599109213,8.964526008,5.025776021,11.82119282,5.609942706,9.674109367,12.30827618,8.364942942,6.166192579,10.92410953,7.165359321,4.110775978,9.6645261,1.452442544
8,8.912859429,4.738275858,7.123692829,7.274942638,1.379942523,6.561192629,7.228692754,5.498692571,9.449526188,6.676192617,4.066192542,6.940359358,4.808275829,3.722025947,6.711192733,8.511609567,5.532859296,0.028692553,6.194942658,7.697859388,5.717026114,4.999942479,6.074942692,6.801192679,8.322026083,6.442442542,4.240775903,2.65702589,6.010359286,8.452859425,7.153692696,6.152025954,7.094526179,6.709942668,4.882859298,5.18910925,5.029525963,0.242025888,3.051192534,8.975776167,5.755775913,9.70577625,4.013276079,6.701192625,8.774942763,4.807442679,7.633275996,11.85202628,6.114942563,9.916609433,1.323275832,4.867442529,5.897025923,6.790776044,10.91160957,6.404109233,7.8295261,6.797859308,9.737026004,6.390359365,10.26410969,5.585776002,10.06994285,13.58619317,7.863275946,3.834109195,10.45827631,10.24952618,2.139109171,9.790776192,4.135359242
9,8.636609325,3.874109229,5.880359292,7.277026025,1.527442659,7.049109221,7.001192663,6.32660941,8.937442788,5.384942566,4.067442558,7.448276092,4.303692492,4.028692588,6.142025913,9.660359471,6.323692629,1.863275902,6.614109417,8.451609283,3.710359163,1.087859192,5.819942542,6.650359263,7.449525996,7.401609329,5.921192698,3.575775877,4.757026011,9.292026221,7.803276092,8.073276067,5.829942633,6.57577595,5.483692623,4.434942617,5.901609425,-2.86172411,0.366609213,9.076192604,7.229942675,8.159525875,5.014942637,4.821192554,8.948276133,5.528276047,8.393692679,12.60369277,5.32244255,10.79702606,0.949109213,5.252442546,6.943692746,7.287442646,11.23702621,7.057859275,7.798692675,6.549109325,9.724526083,7.026609466,7.642026004,6.50994264,8.809109454,12.86369307,8.097859425,0.437025856,11.6616096,6.069109258,1.907025885,8.356192721,4.43785925
10,8.927859588,3.775775873,6.219109403,7.242859308,2.279942673,7.568275913,5.799942583,6.295776017,7.826192775,4.03619253,5.863692654,8.755359471,6.688275975,4.411609275,5.737025854,8.869109496,4.42660924,3.378692574,8.22160935,7.800359238,0.287025878,-0.057974147,8.051192658,6.398275904,8.810776025,7.237025963,5.685359355,4.43119254,6.460776099,8.513692821,7.229109367,8.53994265,7.032859271,7.153692658,5.469525971,5.917026038,5.835359433,-2.189640727,2.335775823,6.954942717,7.523276158,7.814109267,5.129525992,4.555775947,8.684526079,6.899109304,8.917859433,11.06035954,4.547025833,8.854942888,0.432442535,6.8316093,7.765359371,8.243692671,7.677859179,7.818276,8.179109342,5.862442721,9.273276033,7.930359363,6.569942621,6.981192617,8.214942704,12.47952635,7.107442533,1.054109186,10.30494276,5.501192533,2.992442526,9.020359275,3.802025903
11,10.36244302,4.139526012,7.618276029,7.974942725,3.105359246,7.333692563,5.966192625,7.20410925,8.428692742,5.237442596,7.992859488,8.814942696,6.750775963,5.692859338,6.627859317,9.433692908,3.048275907,4.440775904,7.531192675,7.195359325,0.479942532,1.313275855,10.76910952,6.244109333,9.750359592,6.195775967,6.663692683,5.182442475,8.927442829,9.174942783,7.297859229,7.658276121,6.959526004,7.999109363,1.686192506,6.856609363,7.219526204,2.903275888,3.670775892,6.792859267,8.634942758,7.518275971,5.760359252,4.847442657,8.967859496,7.177442729,9.599109308,9.169526138,5.442442659,8.447442767,0.695359163,7.682026017,7.454525992,7.647442629,9.257859513,10.03869294,6.289109346,5.697442756,7.414526013,9.655359471,4.230359233,7.426609513,8.001609454,12.58119298,8.322026154,2.059109196,10.6961927,6.566609431,3.865775818,9.678692725,4.258275968
12,10.33577615,6.689109233,6.751609254,8.399526067,3.936192813,8.224942675,5.668275904,7.480359538,8.771609463,4.802442521,8.830776158,10.26535943,5.26410925,7.453275996,7.233692658,10.81535946,0.812859199,5.416609321,8.547442775,6.791609321,3.44452589,1.922442485,10.25369276,7.657026099,10.97494276,6.697442621,7.437859296,5.790775929,8.506192654,6.19369265,8.572026075,7.332859446,8.353692733,7.668692767,-1.071724124,6.517025958,7.25619267,4.695359183,2.818275867,6.769942563,8.770359333,8.440776154,6.620359407,4.66910931,10.35202611,7.268275942,10.17119282,8.098276192,5.463275904,7.902442688,0.435359223,7.299109358,8.985775938,6.779109271,10.24077612,10.8424427,6.702025964,5.523692642,7.315776058,10.59660951,4.955775896,9.588692733,7.76619285,10.0961929,8.164942646,6.926609238,10.22410946,7.462442639,4.402442626,11.15535955,3.000775928
13,10.02035945,7.627442692,7.693276054,8.508275996,1.709109151,8.484942792,5.467026025,7.010359329,10.71202619,4.479525917,6.950359238,9.297026138,3.910775833,8.916609421,5.072859171,9.098692817,0.13369253,7.100776036,8.618692683,5.291609346,4.272026026,2.832442533,10.58035942,9.556192738,11.52869296,7.612026004,7.979942721,4.296192512,8.428276008,5.897442575,9.470359417,7.205359304,8.248692725,7.643275938,1.16827582,6.502442604,7.472442742,3.932025885,-1.424640777,8.119526108,10.05285936,9.398276017,6.649109271,8.368692746,9.341609458,7.025359321,9.729942871,9.327859521,6.061609263,6.821609296,1.81577587,5.802442633,8.467859483,6.212442629,9.7786927,10.23160962,8.084526163,7.313275938,6.580775936,11.6807762,4.643692508,9.918276158,5.244942667,9.550775938,9.293276083,9.115776063,10.4078594,7.408275989,4.242025975,11.85369298,3.347025926
14,8.957442758,9.7720261,7.632859396,8.432442563,-0.590890807,8.937859575,4.522025854,6.7074427,11.28035973,4.55327591,5.704942608,8.969109408,4.088275878,7.039109333,5.679525992,8.21702615,3.057859223,8.499942721,6.789942708,5.676609247,5.245775908,4.626192533,10.82160946,10.56327621,12.07244304,6.964526079,8.945359338,2.025359215,8.017442779,6.189942779,6.917442671,5.453692638,9.162026183,6.909942658,3.069109295,7.224109292,8.217442775,4.909109386,0.630359237,7.780776063,9.523692796,8.831192696,8.021609304,10.03744279,8.850776146,7.764525925,7.717026013,9.43785965,6.5741093,0.130775878,5.45535937,3.704109235,8.176609346,4.617442538,9.675776171,12.68910956,8.874942771,7.760359383,9.443276067,9.422442758,4.930775904,11.05785943,3.781192543,8.625776063,7.968692813,6.885359371,9.034942713,8.157859463,3.795359309,8.634526013,4.59952592
15,9.621192738,7.604109421,7.76244265,8.705359404,-1.296724106,10.2536928,3.609109128,8.509526117,9.127442713,6.575776038,5.791609233,8.397859317,3.22494257,7.711192758,7.03410935,8.84869265,4.159109207,8.390776092,7.557859454,6.854526113,6.880359363,5.133692695,12.54702615,11.12035953,9.956192817,6.165775917,8.770359379,1.166192502,8.201192771,5.767859338,4.019942546,5.733692779,11.49785965,6.224942671,4.097025821,8.174109438,9.924526117,6.238692726,1.590359201,7.691192683,9.051609342,9.471609325,9.357859425,6.967025946,7.956609438,7.019109325,8.221609358,9.629526163,5.811192558,0.10827586,8.0436927,2.161192518,6.784942671,5.238276048,7.455359379,15.14577638,9.020359558,7.07410935,7.354109292,7.812026129,5.6416093,13.5195262,3.29369255,9.426192767,7.209942633,7.705775996,9.436192892,7.582442725,4.023692601,6.727442717,5.767442623
16,8.087859321,6.972859342,8.944526108,8.816192713,0.858275868,12.28577624,2.71535918,8.0778593,8.667026113,7.232442613,6.560775925,7.201192683,3.429942587,8.304109413,9.362026125,8.619109358,6.059109138,7.496192567,10.49744302,7.678276075,6.882026013,7.53744275,10.63327606,6.811192629,10.33285951,4.7141092,3.571192538,1.880359272,6.933692663,5.43660927,4.698275922,6.415359296,8.639109288,5.285775817,5.906192625,10.83327631,8.373692804,5.324109163,2.258275827,4.852859154,8.091609383,8.861609458,9.739942808,8.472442625,9.404942825,4.6841092,7.004109283,9.869109421,5.947025929,5.168692694,9.144526067,1.044109244,8.354526075,6.687025958,5.994109358,11.81535967,8.120359333,6.679942638,8.237442738,8.717026092,6.069942575,16.11952639,2.419525881,11.12994304,7.460775917,7.509109275,5.224942581,7.744942575,4.029109396,7.350775992,7.152026004
17,9.012026242,7.057442633,9.394526071,9.201609533,3.023692661,13.26410975,5.623275977,6.072859329,9.318276163,6.9641092,7.171192588,7.654525979,0.687442527,8.812026042,8.890776192,8.268275954,8.396192696,5.956609267,14.13660946,7.4078594,7.967859263,6.523692658,9.574942633,6.348275975,10.35910947,3.538275817,3.594109196,2.789525892,5.95327595,5.483275951,5.392859185,6.495359271,8.273276075,6.354526042,5.990775938,10.21660954,7.921192658,6.709525971,4.405775883,5.236192735,7.807442738,7.942442663,10.89827617,8.442442821,10.81369282,6.452442717,6.017025908,9.476609413,6.696192608,5.856192579,11.78327632,3.028275887,7.964942713,7.527859446,5.293275942,11.3711927,8.340359392,4.588692513,7.819526075,9.408692813,5.674526025,19.04410958,3.720776051,9.723276458,6.809942617,8.204942742,2.876609198,6.721609413,4.803275995,8.268692642,5.636609313
18,9.420776138,9.407859458,9.38660945,9.072026096,3.544525883,11.04994312,4.52660925,7.054109233,9.113692683,7.176192592,6.815359425,7.898276038,2.891192554,9.37869285,7.347859404,4.287442553,8.314942783,5.442859379,10.64994278,8.412026079,9.398692763,5.706609343,7.522442742,7.017859279,12.20827621,5.25410935,3.929109167,3.835775971,3.301192507,7.014942713,6.699109487,7.699942625,7.739109388,5.453692613,5.348276054,5.334525823,8.872442946,7.878276104,4.713692571,6.711609453,8.227026096,6.846192638,9.731192721,7.705776004,8.92077615,8.085776025,8.574525992,7.977859279,7.921192846,5.392442538,12.5716095,7.107442729,8.615359408,2.275775864,5.15494255,13.58035973,9.075359321,2.738692528,7.272442663,9.3520261,3.656192496,16.6291096,5.000775988,11.32910953,7.384525963,7.543692775,4.157859178,7.55660935,6.482026041,7.633692692,7.868276013
19,10.3236927,12.15619315,11.36785946,9.616609471,1.547025874,11.59619287,2.61702588,4.246609224,11.5361929,7.629942825,7.201609475,7.63494265,4.687859325,7.03619255,5.929109267,4.187859226,8.393692617,5.432859271,7.8799427,9.140359333,8.915359338,4.924525921,6.920359483,8.902859283,9.625359504,6.164525975,7.678692633,4.094109185,-0.609224134,7.441192608,10.53660957,7.782859367,8.229942713,5.908276021,4.185359158,3.767442544,7.733692667,7.669942642,4.779109288,8.267442658,9.134109354,7.929942779,9.246609479,4.57952584,6.371609171,7.232026004,8.398275967,8.767859433,6.035359238,6.064942704,12.06494281,8.142442721,9.019526,1.778692531,7.485776029,12.92160969,10.4449428,2.416192614,7.371609429,10.24994273,-0.131724152,15.13994306,6.684109326,10.12910949,9.052859433,7.999525983,4.684525861,8.059942617,7.87452605,7.633692758,8.816192742
20,10.4753594,11.93160946,11.15577617,9.192026167,1.76119254,11.37285928,3.638692539,1.295359168,9.6774427,8.125776117,7.297442621,8.323276142,3.648692492,4.664525879,5.610359338,5.939942767,7.861609308,5.713692665,7.351192658,9.275359296,8.194109383,3.95535919,6.689526092,9.284526071,7.689525958,6.906192604,6.070775829,3.22327588,-1.110474148,6.01702605,5.857859233,8.287859438,7.232025945,7.544109392,4.083692508,3.768692721,8.881609446,3.30702584,5.311192563,10.21035952,7.723276008,7.902859433,7.576192675,4.563692618,3.297442526,7.633692758,4.514109171,9.156609446,5.616192479,7.374526025,8.712859438,8.808276092,8.821192671,4.060775975,6.8978592,13.46910963,10.16285958,2.286609406,7.525359396,10.51994272,3.055775908,14.37994277,6.13952598,10.28119284,9.382442683,9.530359613,4.534109256,9.459109438,8.528692688,7.732026033,4.993692572
21,11.35869301,8.680359438,10.7424428,8.837026167,3.434109336,11.02910949,4.687859365,1.547859145,9.3882761,9.286609404,7.948692725,8.407859229,6.106192654,3.378692514,5.142859274,6.144525879,8.321609208,6.825775903,8.99619285,8.996609242,8.772026042,3.904525881,7.39660946,9.843692808,7.039942771,5.834109321,6.400359279,4.420359292,-0.176307494,6.427442675,0.966192562,9.552442925,8.924942717,7.850359375,5.569942725,3.075359188,9.165776117,1.858692542,5.093692575,8.924526142,7.373692725,8.169526046,6.059525908,7.152442813,5.554109322,8.312442783,3.049525785,10.15369291,4.289942581,7.286609508,7.489942633,8.857442667,10.4461927,4.983692708,5.192442588,12.34785969,9.846192875,2.992859305,7.464525883,11.71244283,4.655776056,9.812442942,7.432025975,10.00660949,8.253692721,7.317026117,4.7303593,10.76327638,9.205776033,7.925776079,1.594942538
22,7.805359508,7.353276067,8.832442708,6.461609279,5.88410934,11.09994285,5.499109218,4.405775973,8.314942758,7.829526083,5.937442588,10.14535962,8.143276008,4.454942651,6.507442646,6.202442575,7.542442658,6.678276021,7.562442767,8.062026067,8.046609479,3.899942567,9.28119265,7.087859338,5.849109321,7.127859288,6.847026013,6.947859425,1.768692555,6.441192721,-0.271307519,9.260776092,10.59577619,4.383692496,7.457026038,3.522859184,8.620776113,3.35910924,5.643692583,7.211192733,8.254526167,8.253275992,6.446192596,9.649109558,7.998276146,7.857859388,4.971609186,12.01994298,3.039525859,0.389525854,8.1611927,9.616192754,10.7945261,5.925776139,5.032025925,10.34869289,9.503276063,4.207859258,8.887026104,13.55660952,5.829942744,9.149526188,8.379942696,10.13494295,7.114942638,7.074525996,5.421192613,10.73535945,9.247026021,8.459525933,-0.525474121
23,6.442025996,7.930776033,9.080776067,7.649526058,6.872859325,10.4982762,6.113276001,6.979109213,7.320359317,6.131192525,4.229525844,9.519526104,5.98410939,4.711192725,9.222859571,7.052442688,7.299942604,5.569525919,6.344942583,9.21035945,7.28369275,3.562442556,10.37410945,5.997026046,6.332025975,6.549526021,7.989109267,7.584109271,4.541192618,7.397442763,0.266192531,9.807442858,11.10869288,2.147442538,9.2770261,5.191609335,9.012859425,0.704525862,7.550776042,7.395359604,8.741609367,9.915359583,4.818275825,9.595776088,8.1449427,6.017859313,8.018692558,11.92910958,2.017859132,4.9041093,9.284526163,10.70285941,10.94369271,7.332025993,5.090359279,8.996192788,9.749942908,6.249525975,10.40994295,12.93410952,7.2978594,10.13869263,9.882026104,9.151609471,7.942859488,7.442859296,7.705776063,11.5082762,9.342442704,8.933276163,-1.442557435
24,8.494109371,6.570775983,7.645359342,9.153692688,0.004942531,10.18285947,5.537025908,7.279942604,6.512442588,5.767025942,4.845359303,8.725359438,4.557442661,5.841192829,8.613692808,7.567025983,7.869942629,4.84119272,7.410776029,8.785776171,6.484109325,3.457442495,12.91702617,5.990776063,6.028692663,6.131192621,7.343692646,7.975775958,2.741192487,6.857442629,1.537442543,8.366192696,10.87827612,2.385775877,9.080359483,6.468276025,8.572442825,-1.088807446,9.486609379,7.809942654,9.259526067,8.286192692,2.868275839,10.23160947,9.5182761,4.580775925,9.919942638,10.18869292,0.011609222,7.27619275,9.019526075,11.59077621,11.79869283,9.499942767,6.515359271,9.5461929,10.77535963,6.040359387,11.75702603,12.15452613,8.104109338,10.45244276,9.720776025,9.410776113,8.433692779,8.29994265,11.65785952,9.749109521,9.521609479,9.472025933,-1.115057509
25,9.478276354,7.068275958,7.628275992,8.810359392,0.027025878,9.764942721,4.757859313,7.823692654,6.244942575,5.677025963,6.768692779,9.691192808,6.999109354,7.887859413,9.752026121,8.596609425,8.029109333,5.78827591,9.170359404,8.381609488,6.68410925,3.346192545,12.39119296,7.322026067,6.301609313,4.998275867,6.426609258,8.628692704,0.356192528,6.848692717,0.096192526,9.182442838,7.515359388,3.396192633,8.744526125,7.481609396,7.779526017,-0.322557492,10.99577635,9.175359367,9.508692729,7.921609333,4.109525944,11.1145261,7.5199426,5.123692708,10.16869284,9.990359579,0.674109205,9.775359408,9.677442725,10.79702621,10.28410943,6.911609325,6.639942629,8.842859488,8.279525967,7.563276108,10.8499428,9.286192854,8.894109471,12.35452633,9.813276129,10.13869292,10.97702618,9.607859358,11.4228596,7.667442692,9.652026217,10.65452618,0.624525845
26,10.38285941,7.832026013,7.312859304,9.125359438,1.253692507,10.11744285,4.532442692,7.332026021,6.442026008,6.589526023,8.156192688,11.12910963,5.503276006,8.902859463,11.01869285,9.964109479,8.729109375,7.577859363,9.686192754,9.071192783,6.772025996,1.603692496,11.24369291,9.239109292,6.387026021,5.354109279,6.644942621,9.407442679,1.356192543,8.207859379,-0.128390786,9.848276013,6.351192588,6.73410925,9.959526092,7.768275996,7.758275975,2.345775841,9.6816094,9.595776088,8.781609288,6.362859229,6.317442555,10.32160949,6.88494275,5.985776046,10.8895261,6.632442642,2.396192532,9.2849428,10.15952619,9.89327605,9.219109483,7.256609253,6.538692629,7.98910935,8.307442788,8.5761927,13.60035939,9.862025979,9.880775996,13.1870262,10.07702615,9.266609417,10.12452647,9.949526075,10.20827607,9.502442854,11.11077613,9.224942696,3.008275979
27,12.967443,8.735359558,8.457442808,12.74202627,-0.131724119,9.459526267,0.227442515,6.817859317,4.633692607,6.822025992,8.913276096,9.027442904,5.942442661,9.44244285,9.807442775,9.613692796,7.573276025,5.984109217,10.24994268,7.667442642,6.026192617,3.707859174,10.78577613,10.18577606,6.637859246,5.297025883,6.574526163,8.957442733,1.561192524,7.423276058,0.586609213,9.577442733,5.307026017,9.648275958,11.16077611,7.725359342,7.414525975,2.239525848,5.954526046,7.335359321,9.720359621,4.818692679,8.652859338,8.9336929,7.640359367,5.339525942,12.06910955,7.83494285,2.434525915,10.06952633,11.92202627,9.068276004,8.918276088,8.453692835,5.655775946,9.057442754,8.813275921,8.534942696,12.7457764,9.205359421,12.11785955,13.71827619,11.19577629,10.26702607,9.034942783,9.747442842,9.635359554,9.168276175,14.64785956,8.95077615,5.908275965
28,14.61827629,8.686192775,9.262026046,13.1399429,2.662859246,8.163692783,0.729109179,7.184526058,5.959109288,8.5082761,10.01369284,9.768276213,7.605776019,9.680359396,8.701192758,11.16327615,8.199942738,6.252859335,10.13619284,6.034525871,5.394942513,5.147442605,10.18535946,11.16535951,7.169525946,5.659942696,5.799109375,7.562859429,3.944525922,7.679942663,1.230775886,8.441609288,4.55369255,8.181609371,12.54410972,9.2961928,8.366192817,2.16285933,6.727442717,9.134109433,10.19202622,6.48494266,9.277026158,7.871192679,8.352859333,4.699525933,13.33369302,8.489942654,3.833275988,14.91369296,11.21285956,8.861192633,8.465776079,8.066192717,4.810775863,8.260359408,8.944526158,6.796609238,8.754109446,8.549109383,10.98327615,13.65619294,13.08869292,9.944526138,4.794942612,11.2591094,9.432859367,9.710776246,16.89577629,9.58619275,6.089526054
