PARAMETER,YEAR,ANN
ALLSKY_KT,2000,-999
ALLSKY_KT,2001,0.64
ALLSKY_KT,2002,0.63
ALLSKY_KT,2003,0.63
ALLSKY_KT,2004,0.62
ALLSKY_KT,2005,0.6
ALLSKY_KT,2006,0.62
ALLSKY_KT,2007,0.6
ALLSKY_KT,2008,0.61
ALLSKY_KT,2009,0.61
ALLSKY_KT,2010,0.61
ALLSKY_KT,2011,0.62
ALLSKY_KT,2012,0.61
ALLSKY_KT,2013,0.62
ALLSKY_KT,2014,0.62
ALLSKY_KT,2015,0.6
ALLSKY_KT,2016,0.61
ALLSKY_KT,2017,0.61
ALLSKY_KT,2018,0.62
ALLSKY_KT,2019,0.61
ALLSKY_KT,2020,0.61
ALLSKY_KT,2021,0.63
ALLSKY_KT,2022,0.59
ALLSKY_KT,2023,0.6
ALLSKY_KT,2024,0.6
ALLSKY_KT,2025,-999
ALLSKY_SFC_SW_DWN,2000,6.0562
ALLSKY_SFC_SW_DWN,2001,6.2484
ALLSKY_SFC_SW_DWN,2002,6.1433
ALLSKY_SFC_SW_DWN,2003,6.185
ALLSKY_SFC_SW_DWN,2004,6.0178
ALLSKY_SFC_SW_DWN,2005,5.881
ALLSKY_SFC_SW_DWN,2006,6.0031
ALLSKY_SFC_SW_DWN,2007,5.9026
ALLSKY_SFC_SW_DWN,2008,5.927
ALLSKY_SFC_SW_DWN,2009,5.9506
ALLSKY_SFC_SW_DWN,2010,5.9251
ALLSKY_SFC_SW_DWN,2011,6.0182
ALLSKY_SFC_SW_DWN,2012,5.9054
ALLSKY_SFC_SW_DWN,2013,6.0641
ALLSKY_SFC_SW_DWN,2014,6.0134
ALLSKY_SFC_SW_DWN,2015,5.8913
ALLSKY_SFC_SW_DWN,2016,5.9268
ALLSKY_SFC_SW_DWN,2017,5.9926
ALLSKY_SFC_SW_DWN,2018,6.0346
ALLSKY_SFC_SW_DWN,2019,5.9669
ALLSKY_SFC_SW_DWN,2020,5.9731
ALLSKY_SFC_SW_DWN,2021,6.1834
ALLSKY_SFC_SW_DWN,2022,5.8044
ALLSKY_SFC_SW_DWN,2023,5.8961
ALLSKY_SFC_SW_DWN,2024,5.8126
ALLSKY_SFC_SW_DWN,2025,-999
CLOUD_AMT,2000,40.79
CLOUD_AMT,2001,41.95
CLOUD_AMT,2002,44.68
CLOUD_AMT,2003,43.37
CLOUD_AMT,2004,48.95
CLOUD_AMT,2005,50.99
CLOUD_AMT,2006,50.05
CLOUD_AMT,2007,52.9
CLOUD_AMT,2008,48.28
CLOUD_AMT,2009,52.5
CLOUD_AMT,2010,49.1
CLOUD_AMT,2011,49.37
CLOUD_AMT,2012,51.9
CLOUD_AMT,2013,48.73
CLOUD_AMT,2014,50.87
CLOUD_AMT,2015,51.86
CLOUD_AMT,2016,51.93
CLOUD_AMT,2017,50.74
CLOUD_AMT,2018,52.5
CLOUD_AMT,2019,55.74
CLOUD_AMT,2020,50.9
CLOUD_AMT,2021,49.11
CLOUD_AMT,2022,46.65
CLOUD_AMT,2023,46.45
CLOUD_AMT,2024,48.43
CLOUD_AMT,2025,-999
PRECTOTCORR,2000,1.18
PRECTOTCORR,2001,1.39
PRECTOTCORR,2002,1.12
PRECTOTCORR,2003,1.52
PRECTOTCORR,2004,0.96
PRECTOTCORR,2005,1.49
PRECTOTCORR,2006,1.31
PRECTOTCORR,2007,1.42
PRECTOTCORR,2008,1.31
PRECTOTCORR,2009,1.19
PRECTOTCORR,2010,1.71
PRECTOTCORR,2011,1.33
PRECTOTCORR,2012,2.09
PRECTOTCORR,2013,1.25
PRECTOTCORR,2014,1.26
PRECTOTCORR,2015,1.33
PRECTOTCORR,2016,1.29
PRECTOTCORR,2017,1.99
PRECTOTCORR,2018,1.72
PRECTOTCORR,2019,1.65
PRECTOTCORR,2020,2.68
PRECTOTCORR,2021,3.32
PRECTOTCORR,2022,2.55
PRECTOTCORR,2023,1.99
PRECTOTCORR,2024,2.9
PRECTOTCORR,2025,1.52
PS,2000,96.3
PS,2001,96.34
PS,2002,96.34
PS,2003,96.33
PS,2004,96.31
PS,2005,96.29
PS,2006,96.28
PS,2007,96.3
PS,2008,96.29
PS,2009,96.28
PS,2010,96.28
PS,2011,96.29
PS,2012,96.34
PS,2013,96.32
PS,2014,96.34
PS,2015,96.43
PS,2016,96.38
PS,2017,96.36
PS,2018,96.34
PS,2019,96.36
PS,2020,96.4
PS,2021,96.35
PS,2022,96.37
PS,2023,96.37
PS,2024,96.42
PS,2025,96.37
RH2M,2000,33.95
RH2M,2001,35.61
RH2M,2002,34.27
RH2M,2003,35.97
RH2M,2004,31.29
RH2M,2005,34.7
RH2M,2006,33.57
RH2M,2007,36.79
RH2M,2008,35.9
RH2M,2009,34.76
RH2M,2010,40.81
RH2M,2011,35.77
RH2M,2012,42.67
RH2M,2013,34.25
RH2M,2014,34.24
RH2M,2015,34.61
RH2M,2016,36.69
RH2M,2017,37.43
RH2M,2018,39.75
RH2M,2019,40.42
RH2M,2020,47.31
RH2M,2021,46.49
RH2M,2022,49.01
RH2M,2023,40.21
RH2M,2024,48.04
RH2M,2025,36.68
T2M,2000,26.95
T2M,2001,26.85
T2M,2002,27.49
T2M,2003,27.26
T2M,2004,27.95
T2M,2005,27.88
T2M,2006,27.92
T2M,2007,27.15
T2M,2008,26.91
T2M,2009,28.14
T2M,2010,27.34
T2M,2011,27.17
T2M,2012,26.47
T2M,2013,27.91
T2M,2014,27.88
T2M,2015,27.13
T2M,2016,27.69
T2M,2017,27.09
T2M,2018,27.01
T2M,2019,27.21
T2M,2020,26.15
T2M,2021,26.02
T2M,2022,25.25
T2M,2023,27.38
T2M,2024,26.18
T2M,2025,27.61
T2MDEW,2000,6.17
T2MDEW,2001,6.76
T2MDEW,2002,7.02
T2MDEW,2003,7.18
T2MDEW,2004,6.17
T2MDEW,2005,7.3
T2MDEW,2006,6.79
T2MDEW,2007,7.81
T2MDEW,2008,6.88
T2MDEW,2009,7.6
T2MDEW,2010,8.93
T2MDEW,2011,7.52
T2MDEW,2012,9.13
T2MDEW,2013,7.43
T2MDEW,2014,7.58
T2MDEW,2015,6.52
T2MDEW,2016,8.17
T2MDEW,2017,7.42
T2MDEW,2018,8.36
T2MDEW,2019,9.14
T2MDEW,2020,11.03
T2MDEW,2021,9.92
T2MDEW,2022,11.09
T2MDEW,2023,10.02
T2MDEW,2024,10.45
T2MDEW,2025,8.39
T2M_MAX,2000,43.93
T2M_MAX,2001,43.68
T2M_MAX,2002,43.57
T2M_MAX,2003,43.26
T2M_MAX,2004,42.4
T2M_MAX,2005,43.15
T2M_MAX,2006,43.12
T2M_MAX,2007,43.66
T2M_MAX,2008,42.76
T2M_MAX,2009,43.25
T2M_MAX,2010,43.83
T2M_MAX,2011,43.18
T2M_MAX,2012,43.6
T2M_MAX,2013,42.56
T2M_MAX,2014,42.96
T2M_MAX,2015,43.25
T2M_MAX,2016,43.41
T2M_MAX,2017,43.2
T2M_MAX,2018,44.17
T2M_MAX,2019,42.6
T2M_MAX,2020,42.35
T2M_MAX,2021,42.85
T2M_MAX,2022,42.46
T2M_MAX,2023,42.52
T2M_MAX,2024,44.17
T2M_MAX,2025,43.69
WD10M,2000,57.4
WD10M,2001,51.4
WD10M,2002,52.7
WD10M,2003,55.9
WD10M,2004,60.7
WD10M,2005,61.2
WD10M,2006,55.8
WD10M,2007,66.8
WD10M,2008,60.9
WD10M,2009,62
WD10M,2010,59.2
WD10M,2011,66.1
WD10M,2012,67.9
WD10M,2013,67.4
WD10M,2014,68.1
WD10M,2015,61.7
WD10M,2016,62.9
WD10M,2017,59.2
WD10M,2018,56.5
WD10M,2019,63.6
WD10M,2020,62.1
WD10M,2021,59.1
WD10M,2022,58.7
WD10M,2023,64.4
WD10M,2024,59.4
WD10M,2025,68.7
WS10M,2000,4.06
WS10M,2001,3.84
WS10M,2002,3.74
WS10M,2003,3.49
WS10M,2004,3.78
WS10M,2005,3.7
WS10M,2006,3.57
WS10M,2007,3.85
WS10M,2008,3.88
WS10M,2009,3.6
WS10M,2010,3.6
WS10M,2011,3.94
WS10M,2012,3.49
WS10M,2013,3.43
WS10M,2014,3.63
WS10M,2015,3.85
WS10M,2016,3.67
WS10M,2017,3.78
WS10M,2018,3.53
WS10M,2019,3.54
WS10M,2020,3.6
WS10M,2021,3.54
WS10M,2022,3.6
WS10M,2023,3.51
WS10M,2024,3.69
WS10M,2025,3.56
